{
  "name": "linkmagico-melhorado",
  "version": "2.0.0",
  "description": "Link Mágico Chatbot IA - Versão Profissional com Analytics, Billing, Webhooks e muito mais",
  "main": "server.js",
  "scripts": {
    "start": "node server.js",
    "dev": "nodemon server.js",
    "test": "node -c server.js && echo 'Sintaxe OK'",
    "setup": "node -e \"require('./init').initialize()\"",
    "clean-analytics": "node -e \"require('./analytics').analyticsManager.cleanOldAnalytics(90)\"",
    "clear-cache": "node -e \"require('./cache').CacheManager.clearAllCache()\""
  },
  "keywords": [
    "chatbot",
    "ai",
    "automation",
    "whatsapp",
    "lead-generation",
    "redis",
    "express",
    "puppeteer",
    "analytics",
    "billing",
    "webhooks"
  ],
  "author": "LinkMágico",
  "license": "ISC"
}
